<ns2:AEInputRequest xmlns:ns2="http://tempuri.org">
	<ns2:LogActivityRecordEntry>
		<ns2:recordInfo	xmlns:ns1="http://schemas.datacontract.org/2004/07/ActivityLoggerService">
			<ns1:Account_Info_List></ns1:Account_Info_List>
			<ns1:Account_Status></ns1:Account_Status>
			<ns1:Activity_Name></ns1:Activity_Name>
			<ns1:Application_Mnemonic>#APP_IDENTIFIER#</ns1:Application_Mnemonic>
			<ns1:ContextIDGuid>#CTX_ID_GUID#</ns1:ContextIDGuid>
			<ns1:Line_of_Business>#DOMAIN_NAME#</ns1:Line_of_Business>
			<ns1:Misc_Field1>#USER_ID#</ns1:Misc_Field1>
			<ns1:Misc_Field2>#TRAN_ID#</ns1:Misc_Field2>
			<ns1:Misc_Field3>#LOG_DURATION#</ns1:Misc_Field3>
			<ns1:Optional_Timestamp>#LOG_TIMESTAMP#</ns1:Optional_Timestamp>
		</ns2:recordInfo>
	</ns2:LogActivityRecordEntry>